מפעיל,מקור נתונים,כותרת,קווים,תאריך התחלה,תאריך סיום,קישור,תוכן מלא,סיכום AI
מטרופולין,scan-export,[קווי אלעד] שינויים בתחבורה הציבורית במהלך חג פסח- קווי אלעד 30.03.2026,"176, 180, 280, 281, 453, 577",—,—,https://www.metropoline.com/updates,"במהלך חג הפסח ועל רקע מצב החירום במסגרת מבצע ""שאגת הארי"", בימים רביעי וחמישי, יד'-טו' בניסן התשפ""ו (1-2.4.26), ובימים שישי ומוצאי שבת, טז'-יז' בניסן תשפ""ו (3-4.4.26), קווי השירות יופעלו במתכונת שונה מהרגיל. לצד זאת, קווי השירות 180, 280, 281 ו- 577- יופעלו במתכונת מתוגברת. במהלך חול המועד פסח, שיחול בימים ראשון ושני, יח'-יט' בניסן תשפ""ו, ה- 5-6.4.26, קווי השירות יופעלו במתכונת שונה מהרגיל. לצד זאת, קווי השירות 176, 379 ו- 453- יבוטלו. לנוחיותכם, קווי הזמנות סופ""ש יופעלו החל מיום רביעי ערב החג ועד מוצאי שבת. יש לבצע רישום מראש באתר או במספר 073-3571111. אנא התעדכנו בלוחות הזמנים טרם הנסיעה. חג שמח ונסיעה בטוחה!","עקב מבצע תנועה בתחבורה הציבורית במהלך חג, קיים שינוי במסלול קווים נבחרים בימים רביעי וחמישי, 1-2426, ובימים שישי ומוצאי שבת, 3-4426, בין השעות — — —"
מטרופולין,scan-export,[קווי אלעד] קו 279: שינוי במסלול הקו עקב סיום עבודות 26.03.2026,279,—,—,https://www.metropoline.com/updates,"החל מיום שישי, ה- 27/3/26, יחול שינוי קבוע במסלול קו 279 בפתח תקווה, וזאת עקב סיום העבודות בחובבי ציון. תחנה מבוטלת לכיוון אלעד:31652 הסתדרות/חיים עוזר31597 עיריית פתח תקווה/חיים עוזר תחנות חדשות לכיוון אלעד:31378 חובבי ציון/מונטיפיורי32436 מונטיפיורי/ברון הירש36764 שוק עירוני/ברון הירש","עקב עבודות ברחוב בפתח תקווה, קיים שינוי במסלול הקווים 279 ו-26"
מטרופולין,scan-export,[קווי אלעד] שינויים בלוחות הזמנים בשל מעבר לשעון קיץ 26.03.2026,277,—,—,https://www.metropoline.com/updates,"לתשומת ליבכם, החל מיום שישי, ה- 27.3.26, עם המעבר לשעון קיץ, יחולו שינויים בלוחות הזמנים של קווי השירות בימים שישי ומוצאי שבת. אנא התעדכנו באתר המידע וביישומונים טרם הנסיעה. נסיעה בטוחה!","עקב מעבר לשעון קיץ 26 בלוחות הזמנים בשל מעבר בלוחות הזמנים, קיים שינוי במסלול הקווים 277"
מטרופולין,scan-export,[קווי אלעד] קו 280: שינוי במסלול הקו 22.03.2026,280,—,—,https://www.metropoline.com/updates,"החל שישי, ה- 27/3/26, יחול שינוי קבוע במסלול קו 280 בבני ברק וקו ישוב למסלולו המקורי דרך חזון אי""ש.לנוחיותכם, להלן השינויים בתחנות: תחנה חדשות לכיוון בני ברק26502 הרב בן יעקב/בר יוחאי20058 עזרא/דבורה הנביאה23051 האדמור מנדבורנא/חזון אי""ש20330 חזון איש/נחמיה23062 חזון אי""ש/דסלר26520 חזון אי""ש/רבנו תם תחנות מבוטלות לכיוון בני ברק23060 הרב כהנמן/קוקה קולה21371 כהנמן/הרב זוננפלד21372 כהנמן/פוברסקי21374 רבי עקיבא/אליהו הנביא20826 רבי עקיבא/הרב שך תחנות מבוטלות לכיוון אלעד22972 רבי עקיבא/רש""י22279 רבי עקיבא/חזון אי""ש22974 הרב כהנמן/רבי עקיבא26977 הרב כהנמן/עזרא22975 הרב כהנמן/הרב זוננפלד22282 הרב כהנמן/כיכר התעשיה תחנות חדשות לכיוון אלעד:23064 חזון אי""ש/רבי עקיבא27085 חזון אי""ש/נחמיה23053 חזון אי""ש/הרב יעקב לנדא21558 האדמור מנדבורנא/חזון אי""ש23055 עזרא/דמשק אליעזר26501 הרב בן יעקב/בר יוחאי","עקב ביטול תחנות ברחוב בבני ברק, קיים שינוי במסלול קווים נבחרים"
מטרופולין,scan-export,[קווי הדרום והמרכז] שינויים בתבחורה הציבורית במהלך חג הפסח- קווי הדרום 30.03.2026,"120, 15, 375, 5, 660, 682, 684, 687, 688, 74",—,—,https://www.metropoline.com/updates,"במהלך חג הפסח ועל רקע מצב החירום במסגרת מצבע ""שאגת הארי"", התחבורה הציבורית תופעל במתוכנת שונה מהרגיל. לידיעתכם, קווי הלילה וכן קווים המשרתים מוסדות חינוך אינם פועלים בימים אלו. לנוחיותכם, להלן רשימת הקווים שלא יופעלו במהלך בימים רביעי עד מוצ""ש, ה- 1-4.4.26ף+, ובימים שלישי ורביעי , ערב וצאת חג שני, ה- 7-8.4.26: לתשומת ליבכם, קווים שלא יופעלו בימי חול המועד, ראשון ושני, ה- 5-6.4.26- מעודכנים בתוך הטבלה. קו מוצא/יעד 5 ערערה 15 באר שבע/תל שבע 74 רחובות/קרית גת 80 ערד/ערד 117 באר שבע/כסיפה- לא יופעל בחול המועד 120 באר שבע/כסיפה 153 באר שבע/מרחב עם- לא יופעל בחול המועד 262 באר שבע/חורה 345 תל אביב יפו/קרית מלאכי- לא יופעל בחול המועד 375 תל אביב יפו/קרית גת- לא יופעל בחול המועד 387 באר שבע/ערד- לא יופעל בחול המועד 581 דימונה/שער הנגב 588 שער הנגב/ערד 589 תל שבע/שער הנגב 660 תל אביב יפו/מצפה רמון 682 באר טוביה/חורה- לא יופעל בחול המועד 684 באר טוביה/תל שבע- לא יופעל בחול המועד 687 שגב שלום/באר טוביה 688 באר טוביה/ערד 689 ערערה בנגב/באר טוביה אנא התעדכנו בלוחות הזמנים טרם הנסיעה.","עקב מבצע תנועה בתל אביב, קיים שינוי במסלול קווים נבחרים בין השעות — — —"
מטרופולין,scan-export,[קווים למוסדות חינוך] שינויים בתבחורה הציבורית במהלך חג הפסח- קווי הדרום 30.03.2026,80,—,—,https://www.metropoline.com/updates,"במהלך חג הפסח ועל רקע מצב החירום במסגרת מצבע ""שאגת הארי"", התחבורה הציבורית תופעל במתוכנת שונה מהרגיל. לידיעתכם, קווי הלילה וכן קווים המשרתים מוסדות חינוך אינם פועלים בימים אלו. לנוחיותכם, להלן רשימת הקווים שלא יופעלו במהלך בימים רביעי עד מוצ""ש, ה- 1-4.4.26ף+, ובימים שלישי ורביעי , ערב וצאת חג שני, ה- 7-8.4.26: לתשומת ליבכם, קווים שלא יופעלו בימי חול המועד, ראשון ושני, ה- 5-6.4.26- מעודכנים בתוך הטבלה. קו מוצא/יעד 5 ערערה 15 באר שבע/תל שבע 74 רחובות/קרית גת 80 ערד/ערד 117 באר שבע/כסיפה- לא יופעל בחול המועד 120 באר שבע/כסיפה 153 באר שבע/מרחב עם- לא יופעל בחול המועד 262 באר שבע/חורה 345 תל אביב יפו/קרית מלאכי- לא יופעל בחול המועד 375 תל אביב יפו/קרית גת- לא יופעל בחול המועד 387 באר שבע/ערד- לא יופעל בחול המועד 581 דימונה/שער הנגב 588 שער הנגב/ערד 589 תל שבע/שער הנגב 660 תל אביב יפו/מצפה רמון 682 באר טוביה/חורה- לא יופעל בחול המועד 684 באר טוביה/תל שבע- לא יופעל בחול המועד 687 שגב שלום/באר טוביה 688 באר טוביה/ערד 689 ערערה בנגב/באר טוביה אנא התעדכנו בלוחות הזמנים טרם הנסיעה.","עקב מבצע תנועה בתל אביב, קיים שינוי במסלול קווים נבחרים בין השעות — — —"
מטרופולין,scan-export,"[קווי לילה] קווים 26, 48, 56, 608: העתקת תחנה למיקום חדש 29.03.2026",56,—,—,https://www.metropoline.com/updates,"החל מיום ראשון, ה- 29.3.26, תחנה 23012 כיכר מילאנו/אבן גבירול תועתק למיקום חדש לפני רמזור, זאת עקב עבודות תשתית. קווי השירות שמספרם 26, 48, 56 ו- 608 יעצרו מיום זה במיקומה החדש של התחנה.","עקב עבודות תשתית ברחוב אבן גבירול בתל אביב, קיים שינוי במסלול הקווים 26, 48, 56 ו-608"
מטרופולין,scan-export,"[קווי לילה] קווים 138, 139: שינוי במסלולי הקווים 10.11.2025",138,—,—,https://www.metropoline.com/updates,"החל מיום רביעי, ה- 12/11/25, יחול שינוי קבוע במסלולי קווים 138, 139, זאת עקב עבודות ברחוב רוטשילד בראשון לציון, אשר יימשכו כחצי שנה לערך.תחנה חדשה לכיוון יהוד/רמת גן36063 היכל התרבות/ז'בוטינסקי תחנה מבוטלת לכיוון יהוד/רמת גן37623 רוטשילד/זבוטינסקי","עקב עבודות ברחוב רוטשילד ברמת גן, קיים שינוי במסלול הקווים 138, 139 ו-10"
מטרופולין,scan-export,[קווי השרון והמרכז] עבודות תשתית ברחוב רוזנפלד בתל אביב 05.04.2026,"12, 572",—,—,https://www.metropoline.com/updates,"מיום ראשון, ה- 5/4, החל מהשעה 5:00 ועד ליום שלישי, ה- 7/4, בשעה 17:00, ייחסם לתנועה רח' רוזנפלד בתל אביב בשל עבודות. תחנות מבוטלות לקו 12 לכיוון מכללת לוינסקי: 21227 קמפוס ברושים-שלום רוזנפלד 21497 מכון הנפט-חיים לבנון 25077 מוזיאון ארץ ישראל-חיים לבנון 21423 חיים לבנון/רידינג תחנות מבוטלות לקו 12 לכיוון קרית עתידים: 21460 מוזיאון ארץ ישראל-חיים לבנון 21750 מכון הנפט-חיים לבנון 21235 קמפוס ברושים/שלום רוזנפלד תחנה זמנית חלופית: 25071 סמינר הקיבוצים-דרך נמיר תחנות מבוטלות לקו 572 לכיוון כפר סבא: 21235 קמפוס ברושים/שלום רוזנפלד תחנות מבוטלות לקו 604 לכיוון תל אביב: 21497 מכון הנפט/חיים לבנון 21423 חיים לבנון/רדינג 25071 סמינר הקיבוצים/דרך נמיר תחנה זמנית חלופית: 25970 שד' רוקח/דרך נמיר תחנות מבוטלות לקו 604 לכיוון נתניה: 21613 סמינר הקיבוצים/חיים לבנון 21460 מוזאון ארץ ישראל/חיים לבנון 21750 מכון הנפט/חיים לבנון 21235 קמפוס ברושים/שלום רוזנפלד תחנה זמנית חלופית: 25964 שד' רוקח/דרך נמיר","עקב עבודות תשתית ברחוב רוזנפלד בתל אביב, קיים שינוי במסלול הקווים 12, 572 ו-604"
מטרופולין,scan-export,[קווי השרון והמרכז] שינויים בתחבורה הציבורית במהלך חג הפסח- קווי אונו 30.03.2026,"398, 445, 446",—,—,https://www.metropoline.com/updates,"במהלך חג הפסח ועל רקע מצב החירום במסגרת מבצע ""שאגת הארי"", בימים רביעי וחמישי, יד'-טו' בניסן התשפ""ו (1-2.4.26), בימים שישי ומוצאי שבת, טז'-יז' בניסן תשפ""ו (3-4.4.26), ובימים שלישי ורביעי, כ'-כא' בניסן, תשפ""ו, (7-8.4.26), קווי השירות יופעלו במתכונת שונה מהרגיל. לידיעתכם, קווי הלילה וכן קווים המשרתים מוסדות חינוך אינם פועלים בימים אלו. יש להתעדכן בלוחות הזמנים טרם הנסיעה. לנוחיותכם, להלן רשימת קווים מבוטלים הנוסעים באזור בקעת אונו במהלך חול המועד, יח'-יט' בניסן התשפ""ו, 5-6.4.26): 11 אור יהודה 398 בית דגן/יהוד מונוסון 444 רעננה/בן גוריון (לא פעיל גם בימים שישי ומוצ""ש) 445 תל אביב/בן גוריון (לא פעיל גם בימים שישי ומוצ""ש) 446 פתח תקווה/בן גוריון","עקב מבצע תנועה ברחוב בתל אביב, קיים שינוי במסלול קווים נבחרים בימים שלישי ורביעי, 7-8 באפריל, בין השעות — — —"
מטרופולין,scan-export,"[קווי השרון והמרכז] קווים 26, 48, 56, 608: העתקת תחנה למיקום חדש 29.03.2026","56, 608",—,—,https://www.metropoline.com/updates,"החל מיום ראשון, ה- 29.3.26, תחנה 23012 כיכר מילאנו/אבן גבירול תועתק למיקום חדש לפני רמזור, זאת עקב עבודות תשתית. קווי השירות שמספרם 26, 48, 56 ו- 608 יעצרו מיום זה במיקומה החדש של התחנה.","עקב עבודות תשתית ברחוב אבן גבירול בתל אביב, קיים שינוי במסלול הקווים 26, 48, 56, 608, 29"
מטרופולין,scan-export,"[קווי השרון והמרכז] קווים 1, 11, 15, 18, 36, 59, 76, 77, 78, 236: שינויים במסלולי הקווים בשל הסטה למסוף אור יהודה החדש 26.03.2026","1, 15, 18, 236, 59, 76, 77, 78",—,—,https://www.metropoline.com/updates,"החל ביום שישי, ט' ניסן התשפ""ו, 27.3.26, יוסטו קווי שירות הנוסעים באור יהודה למסוף החדש. בשל המעבר יחולו שינויים במסלולי הקווים: תחנת איסוף הנוסעים במסוף החדש: מסוף אור יהודה 2206 תחנת הורדת נוסעים במסוף החדש: מסוף אור יהודה/הורדה 2357 מצורף קובץ מידע מפורט לשימושכם מצורף כאן> https://did.li/gHsDN","עקב הסטה למסוף אור יהודה החדש 26 במסלולי הקווים 1, 15, 18, 236, 59, 76, 77, 78, 11, 36, 26"
מטרופולין,scan-export,[קווי השרון והמרכז] שינויים בלוחות הזמנים בשל מעבר לשעון קיץ 26.03.2026,12,—,—,https://www.metropoline.com/updates,"לתשומת ליבכם, החל מיום שישי, ה- 27.3.26, עם המעבר לשעון קיץ, יחולו שינויים בלוחות הזמנים של קווי השירות בימים שישי ומוצאי שבת. אנא התעדכנו באתר המידע וביישומונים טרם הנסיעה. נסיעה בטוחה!","עקב מעבר לשעון קיץ 26 בלוחות הזמנים בלוחות הזמנים בלוחות הזמנים בשל מעבר בלוחות הזמנים בלוחות הזמנים בשל מעבר לשעון קיץ 26, קיים שינוי במסלול הקווים 12"
מטרופולין,scan-export,[קווי השרון והמרכז] קו 75: שינוי מסלול בפתח תקווה 22.03.2026,75,—,—,https://www.metropoline.com/updates,"החל מיום שישי, ה- 27/3/26, יחול שינוי קבוע במסלול קו 75 והוא ישוב להיות קו דו כיווני במקום קו סיבובי.לנוחיותכם, להלן פירוט השינויים בתחנות הקו: תחנה חדשות לכיוון פתח תקווהסיום מסלול במסוף שניידר בתחנה 32530 – מסוף שניידר35475 הגליל/דביר2610 ז'בוטינסקי/דרך יצחק רבין34004 בי""ח בלינסון/ז'בוטינסקי32269 בי""ח בלינסון/גשר מבצע ארנון38315 בית חולים שניידר32530 מסוף שניידר תחנות מבוטלות לכיוון פתח תקווה31366 ת.רק""ל שחם/דרך ז'בוטינסקי תחנות חדשות לכיוון גני תקווההקו ייצא מתחת מוצא במסוף שניידר 32530 – מסוף שניידר32530 מסוף שניידר34063 ת. רק""ל בלינסון/קניון אבנת38438 ספורטק/דרך לוי אשכול31425 הגליל/העמקים35328 הגליל/עמק יזרעאל","עקב ביטול תחנות בפתח תקווה, קיים שינוי במסלול הקווים 75, 22, 3253, 0, 3136, ו-6"
מטרופולין,scan-export,"[קווי השרון והמרכז] קווים 37, 59, 69, 256, 531: שינויים במסלולי הקווים (מסוף סבידור) 16.03.2026","256, 37, 531",—,—,https://www.metropoline.com/updates,"החל מיום שישי, ב' ניסן השתפ""ו, 20.3.26, ייסגר רחוב העצמאות במרכז הרצליה לתנועת כלי רכב,זאת במסגרת עבודות התחדשות עירונית במתחם העצמאות- מוהליבר.העבודות צפויות להימשך מספר חודשים ובמהלכם יחולו שינויים במסלולי קווי התחבורה הציבורית באזור.לפיכך, יוסטו חלק מקווי השירות לרחובות הסמוכים: ארלוזורוב והבנים.לתשומת ליבכם,יחולו שינויים קלים גם בלוחות הזמנים, לכן מומלץ להתעדכן מראש לפני הנסיעה.מידע מפורט מעודכן בלינק> https://did.li/S7ZZHלנוחיותכם, מצורף קובץ עם רשימת התחנות החדשות והמבוטלות בקווים בהם חלים השינויים- לחצו כאן לצפייה בקובץ!ניתן להתעדכן גם ביישומונים ובמוקד השירות 5900*.נסיעה בטוחה!","עקב עבודות ברחוב העצמאות בהרצליה, קיים שינוי במסלול קווים נבחרים"
מטרופולין,scan-export,"[קווי השרון והמרכז] קווים 138, 139: שינוי במסלולי הקווים 10.11.2025","138, 139",—,—,https://www.metropoline.com/updates,"החל מיום רביעי, ה- 12/11/25, יחול שינוי קבוע במסלולי קווים 138, 139, זאת עקב עבודות ברחוב רוטשילד בראשון לציון, אשר יימשכו כחצי שנה לערך.תחנה חדשה לכיוון יהוד/רמת גן36063 היכל התרבות/ז'בוטינסקי תחנה מבוטלת לכיוון יהוד/רמת גן37623 רוטשילד/זבוטינסקי","עקב עבודות ברחוב רוטשילד ברמת גן, קיים שינוי במסלול הקווים 138, 139 ו-10"
קווים,scan-export,"זמני נסיעות לחג הפסח תשפ""ו - ביתר עילית",—,01.04.26,01.04.26,https://www.kavim-t.com/passenger-information/traffic-updates/beitar-updates/310320260,"נוסעים נכבדים, לרגל חג הפסח תשפ""ו הבעל""ט, שונו לוחות זמני הנסיעות בסניף ביתר יש להתעדכן בלוחות הזמנים המעודכנים באתר.בברכת נסיעה טובה ובטוחה,הנהלת קווים.","עקב שינוי תנועה בביתר עילית נוסעים נכבדים, קיים שינוי במסלול הקווים"
קווים,scan-export,ביטול קו 238 עקב סגירת קבר רחל,"238 — ביתר עילית, ירושלים, 238 — ירושלים, ביתר עילית",25.03.26,25.03.26,https://www.kavim-t.com/passenger-information/traffic-updates/beitar-updates/29032026,"נוסעים נכבדים,בעקבות סגירת קבר רחל קו 238 מבוטל מיום ד' 25/03.2026 ועד להודעה חדשה. בברכת נסיעה טובה ובטוחה,הנהלת קווים.","עקב סגירת כביש ביטול קו 238 — ביתר עילית, קיים שינוי במסלול הקווים 238 — ביתר עילית, 238 — ירושלים, ירושלים, ביתר עילית, 238 ביום רביעי, 25 במרץ"
קווים,scan-export,שינויים בתחנות בקו 239,"239 — ביתר עילית, ירושלים, 239 — ירושלים, ביתר עילית",27.03.26,27.03.26,https://www.kavim-t.com/passenger-information/traffic-updates/beitar-updates/26032026,"נוסעים נכבדים,החל מיום שישי ט' בניסן תשפ""ו, 27.03.2026שינויים בתחנות בקו 239, כדלהלן:מכיוון ביתר: תחנה חדשה - דרך חברון/אשר וינר (511) 'הורדה בלבד'. תחנה מבוטלת: דרך חברון/ברעם (1846)מכיוון ירושלים: תחנה חדשה - דרך חברון/האומן (6090) 'איסוף בלבד'. תחנה מבוטלת: דרך חברון/ברעם (1847)בברכת נסיעה טובה ובטוחה,הנהלת קווים.","עקב שינוי תנועה ברחוב בירושלים, קיים שינוי במסלול קווים נבחרים ביום שישי, 27 במרץ, 2026, בין השעות 00:00 ועד 00:00"
קווים,scan-export,שינויים בתחנת סיום בקווים 226-239-246 מכיוון ביתר לירושלים,"239 — מודיעין עילית, בני ברק, 239 — בני ברק, מודיעין עילית, 246 — ביתר עילית, ירושלים, 226 — ביתר עילית, ירושלים, 226 — ירושלים, ביתר עילית, 246 — ירושלים, ביתר עילית",15.03.26,15.03.26,https://www.kavim-t.com/passenger-information/traffic-updates/beitar-updates/12032026,"נוסעים נכבדים,החל מיום ראשון 15.03.2026, מהשעה 10:00 בבוקריחולו שינויים בתחנת סיום בקווים 226,239,246 מכיוון ביתר לירושלים, כדלהלןהחזרת התחנה המקורית: 9807 גבעת התחמושת/שרגאי. ביטול התחנה החלופית: 1927 שדרות אשכול/בר לב.בברכת נסיעה טובה ובטוחה,הנהלת קווים.",
קווים,scan-export,"ביתר עילית- זמני נסיעות לימי שישי ומוצ""ש",—,06.03.26,06.03.26,https://www.kavim-t.com/passenger-information/traffic-updates/beitar-updates/05032026,"נוסעים נכבדים,מצ""ב זמני נסיעות ליום שישי ומוצ''ש, י""ז-י""ח באדר תשפ""ו 06-07.03.26 - ביתר עיליתלקווים: 1/2/3/4/5/6/7/8/290/292/296/226/246בברכת נסיעה טובה ובטוחה,הנהלת קווים.","עקב שינוי תנועה ברחוב ביתר, קיים שינוי במסלול קווים נבחרים ביום שישי, 6 במרץ בין השעות 06:00 ועד 06:00"
קווים,scan-export,"תל אביב, הזזת מיקום תחנות ברחוב רונזפלד לקווים: 450/464/474/506",—,07.04.26,07.04.26,https://www.kavim-t.com/passenger-information/traffic-updates/hashmonaim-updates/06042026,"נוסעים נכבדים,החל מיום שלישי 07.04.2026 ולמשך חודשיים תחנות אוטבוס ברחוב רוזפלד יזוזו כ 150 מ' מערבה.21227 ← קמפוס ברושים/שלום רוזנפלד21235 ← קמפוס ברושים/שלום רוזנפלדבברכת נסיעה טובה ובטוחה,הנהלת קווים.",
קווים,scan-export,"זמני נסיעות עדכניים לחג הפסח תשפ""ו - מודיעין עילית",—,01.04.26,01.04.26,https://www.kavim-t.com/passenger-information/traffic-updates/hashmonaim-updates/31032026,"נוסעים נכבדים,לרגל חג הפסח תשפ""ו הבעל""ט, שונו לוחות זמני הנסיעות בסניף מודיעין עיליתיש להתעדכן בלוחות הזמנים המעודכנים באתר.בברכת נסיעה טובה ובטוחה,הנהלת קווים.","עקב שינוי תנועה ברחוב במודיעין, קיים שינוי במסלול הקווים ביום רביעי, 6 באפריל 2026 בין השעות 00:00 ועד 00:00"
קווים,scan-export,"תל אביב, עבודות תשתית רוזנפלד במקטע ג'ורג' ווייז - חיים לבנון לשני הכיוונים, 05-07.04.2026","107 — מודיעין מכבים רעות, תל אביב יפו, 107 — תל אביב יפו, מודיעין מכבים רעות, 474 — לוד, תל אביב יפו, 474 — תל אביב יפו, לוד, 464 — לוד, תל אביב יפו, 464 — תל אביב יפו, לוד, 506 — שוהם, תל אביב יפו, 506 — תל אביב יפו, שוהם, 450 — רמלה, תל אביב יפו, 450 — תל אביב יפו, רמלה",05.04.26,05.04.26,https://www.kavim-t.com/passenger-information/traffic-updates/hashmonaim-updates/update_13999539303,"נוסעים נכבדים, החל מיום ראשון 05.04.2026 בתחילת השירות ועד יום שלישי 07.04 סמוך לכניסת החג יסגר רחוב רוזנפלד במקטע ג'ורג' ווייז - חיים לבנון לשני הכיוונים. אי לכך, קווים: 107/450/464/474/506 ישנו את מסלולם. השינוי להלן: הקווים בכיוון צפון: ממשיכים על חיים לבנון ישר, ימינה קלצ'קין ומקצרים למסוף הקווים בכיוון דרום: יוצאים ממסוף קלצ'קין שמאלה ושוב שמאלה לחיים לבנון בלי לעבור בקלאוזנר, המשך למסלול בחיים לבנון. תחנות מבוטלות: 20482 ← ביה''ס לרפואה/קלצ'קין 20138 ← מוזאון העם היהודי/קלאוזנר 20137 ← מוזאון העם היהודי/קלאוזנר 21665 ← הפקולטה להנדסה/קלאוזנר 20794 ← ד''ר ג'ורג' וייז/שלום רוזנפלד 20503 ← ביה''ס לרפואה/קלצ'קין 25075 ← הפקולטה להנדסה/ד''ר ג'ורג' וויז 21734 ← מדעי החיים/קלאוזנר תחנות חלופיות: 27065 ← האוניברסיטה/חיים לבנון 21469 ← חיים לבנון/ד''ר ג'ורג' וויז 21385 ← מכון התקנים/חיים לבנון 21498 ← מכון התקנים/חיים לבנון 21388 ← האוניברסיטה/חיים לבנון 21387 ← חיים לבנון/ד''ר ג'ורג' וויז בברכת נסיעה טובה ובטוחה, הנהלת קווים.",
קווים,scan-export,"מודיעין- עבודות ברחוב עמק איילון, שינויים בקווים: 51/53/54/58/33",—,12.04.26,12.04.26,https://www.kavim-t.com/passenger-information/traffic-updates/hashmonaim-updates/27032026,"נוסעים נכבדים,החל מיום ראשון 12.04.2026 בשעה 09:00 ועד יום שישי 17.04.2026 בשעה 09:00 יתקיימו עבודות במודיעין ברחוב עמק איילון מפיקוס (לא כולל הצומת) עד לצ. אלמוגן/איילון (כולל הצומת). קו 51 ממסוף עירוני: מתחנת המוצא עד לתחנה 35052 תלתן/משה סנה משם ישר ברמזור ימינה לערער שמאלה לרכבת ולכיכר התעבורה משם יש לצאת ללב העיר ברמזור שמאלה לדותן לתחנה 35006 דותן/עיון והמשך מסלולתחנות מבוטלות:1. 35004 -לבונה/פיקוס2. 35005 -לבונה/לימוןתחנות חלופיות:1. 34155 -איילון/תלתן2. 33093 -רכבת מרכזקו 51 מתחנה מרכזית מודיעין: מתחנת המוצא עד לתחנה 34139 כליל החורש/דותן משם יש להמשיך ישר עד לרמזור ימינה לערער ימינה לפיקוס לתחנה 34154 תלתן /איילון והמשך מסלולתחנות מבוטלות:1. 34140 -דותן/לבונה2. 34141 -לבונה /אלמוגן3. 34142 -איילון/לבונה4. 31632 -חרצית /איילוןתחנות חלופיות:1. 34095 -דותן/לבונה2. 35014 -ערער/דותןקו 53 מבי""ס כרמים/עמק חרוד: מתחנת המוצא עד לתחנה 35052 תלתן/משה סנה משם ישר לתחנה 34155 איילון/תלתן והמשך מסלולתחנות מבוטלות:1. 34142 -איילון/לבונה2. 35003 -איילון/חרציתקו 53 מיצחק רבין/נחל צלמון: מתחנת המוצא עד תחנה 35014 ערער /דותן משם ימינה לפיקוס וישר לתחנה 34154 תלתן איילון והמשך מסלולתחנות מבוטלות:1. 34142 -איילון/לבונה2. 31632 -חרצית/איילוןקו 54 מבי""ס כרמים/עמק חרוד: מתחנת המוצא עד לתחנה 35003 איילון/חרצית משם יש לפנות שמאלה לתלתן ברמזור ימינה לתחנה 35177 קניון עזריאלי והמשך מסלולתחנות מבוטלות:1. 35004 -לבונה/פיקוס2. 35005 -לבונה/לימון3. 34095 -דותן/לבונה4. 35014 -ערער/דותןתחנה חלופית:1. 34155 -איילון/תלתןקו 54 מהדרים: מתחנת המוצא עד לתחנה 34139 כליל החורש/דותן משם ישר עד לרמזור ואז ימינה לערער ימינה לתלתן שם יש לפנות ימינה לדפנה שמאלה לחרצית והמשך מסלולתחנות מבוטלות:1. 34140 -דותן/לבונה2. 34141 -לבונה/אלמוגן3. 34142 -איילון/לבונה4. 31632 -חרצית/איילוןתחנות חלופיות:1. 34095 -דותן/לבונה2. 35014 -ערער/דותן3. 34154 -תלתן/איילון4. 34187 -תלתן/לוע האריקו 58 מדרך מנחם בגין/מסוף: מתחנת המוצא עד תחנה 35014 ערער/דותן משם ימינה לתלתן עד לכיכר ימינה לדם המכבים תחנה 34172 דם המכבים/החשמונאים והמשך מסלולתחנות מבוטלות:1. 34142 -איילון/לבונה2. 34175 -איילון/אלמוגן3. 35049 -איילון/כליל החורש4. 35050 -צאלון/שיר השיריםתחנות חלופיות:1. 34154 -תלתן/איילון2. 34187 -תלתן/לוע הארי3. 34149 -דם המכבים/חרציתקו 33 -מתחנת המוצא עד לתחנה 35034 משה דיין/בית שאן ומסיים בתחנת הקצה בעיריה תחנות מבוטלות:1. 35054 -דם המכבים/תלתן2. 35052 -תלתן /סנה3. 34142 -איילון/לבונה4. 34175 -איילון/אלמוגן5. 35049 -איילון/כליל החורש6. 35050 -צאלון/שיר השירים7. 35051 -דם המכבים/צאלוןבברכת נסיעה טובה ובטוחה,הנהלת קווים.","עקב עבודות ברחוב עמק במודיעין, קיים שינוי במסלול הקווים 51, 2, 3415, 4, 53, 54, 58, 33"
קווים,scan-export,מודיעין עילית- זמני נסיעות שישי ושבת,—,20.03.26,20.03.26,https://www.kavim-t.com/passenger-information/traffic-updates/hashmonaim-updates/19032026,"נוסעים נכבדים,מצ""ב זמני נסיעות ליום שישי ומוצ''ש, ב'- ג' בניסן תשפ""ו 20-21.03.2026 לקווים: 133/200/209/210/220/230/240/300/310/320/330/340/304/308בברכת נסיעה טובה ובטוחה,הנהלת קווים.","עקב שינוי תנועה ברחוב במודיעין, קיים שינוי במסלול קווים נבחרים"
קווים,scan-export,שינויים בתחנות בקווים 308.318.328.338.348,"348 — ירושלים, מודיעין עילית, 308 — מודיעין עילית, ירושלים, 308 — ירושלים, מודיעין עילית, 318 — מודיעין עילית, ירושלים, 318 — ירושלים, מודיעין עילית, 328 — מודיעין עילית, ירושלים, 328 — ירושלים, מודיעין עילית, 338 — מודיעין עילית, ירושלים, 338 — ירושלים, מודיעין עילית, 348 — מודיעין עילית, ירושלים",15.03.26,15.03.26,https://www.kavim-t.com/passenger-information/traffic-updates/hashmonaim-updates/120326,"נוסעים נכבדים,החל מיום ראשון, 15.03.2026, מהשעה 10:00 בבוקריחולו שינויים בתחנות בירושלים בשני הכיוונים בקווים 308.318.328.338.348, כדלהלן:החזרת התחנות רנה קסין/שרגאי (6024+9955). ביטול תחנות חלופיות קרל נטר/שלמה זלמן (1742+1743).בברכת נסיעה טובה ובטוחה,הנהלת קווים.",
קווים,scan-export,"ירושלים-עבודות ברחובות מח""ל וקרל-נטר ,שחנוחחם בקווים: 308/318/328/338/348/246/226/239","348 — ירושלים, מודיעין עילית, 308 — מודיעין עילית, ירושלים, 308 — ירושלים, מודיעין עילית, 318 — מודיעין עילית, ירושלים, 318 — ירושלים, מודיעין עילית, 328 — מודיעין עילית, ירושלים, 328 — ירושלים, מודיעין עילית, 338 — מודיעין עילית, ירושלים, 338 — ירושלים, מודיעין עילית, 348 — מודיעין עילית, ירושלים, 226 — ביתר עילית, ירושלים, 226 — ירושלים, ביתר עילית, 239 — ביתר עילית, ירושלים, 239 — ירושלים, ביתר עילית, 246 — ביתר עילית, ירושלים, 246 — ירושלים, ביתר עילית",15.03.26,15.03.26,https://www.kavim-t.com/passenger-information/traffic-updates/hashmonaim-updates/11032026,"נוסעים נכבדים,בעקבות עבודות תשתית של רכבת הקלה החל מיום ראשון 15.03.2026 בשעה 10:00 יחולו השינויים הבאים בשכונת מעלות דפנה רחוב שרגאי ייפתח מחדש לתנועה.הכניסה לרחוב מח""ל מרחוב שרגאי תחסם באופן הרמטי לתקופה של כחודשיים.קווי 308/318/328/338/348 כיוון 1: כלל הקווים יחזרו למסלולם דרך רחוב שרגאי טרום החסימה בדצמבר 2025.תחנות מבוטלות: 1743 קרל נטר/ שרגאיקווי 308/318/328/338/348 כיוון 2: כלל הקווים יחזרו למסלולם דרך רחוב שרגאי טרום החסימה בדצמבר 2025.תחנות מבוטלות:1742 קרל נטר/ שרגאיתחנות חלפיות: 9955 רנה קסין/שרגאיקווי 246/239/226 כיוון 1: כלל הקווים יחזרו למסלולם דרך רחוב שרגאי טרום החסימה בדצמבר 2025.תחנות מבוטלות:1927 שד' אשכול/בר לבתחנות חלפיות: 9807 גבעת התחמושת/שרגאיבברכת נסיעה טובה ובטוחה,הנהלת קווים.",
קווים,scan-export,"מודיעין עילית- זמני נסיעות לימי שישי ומוצ""ש",—,06.03.26,06.03.26,https://www.kavim-t.com/passenger-information/traffic-updates/hashmonaim-updates/05032026,"נוסעים נכבדים,מצ""ב זמני נסיעות ליום שישי ומוצ''ש, י""ז-י""ח באדר תשפ""ו 06-07.03.26 - ביתר עיליתלקווים: 133/200/209/300/881/884/885/686בברכת נסיעה טובה ובטוחה,הנהלת קווים.","עקב שינוי תנועה ברחוב במודיעין, קיים שינוי במסלול הקווים"
קווים,scan-export,"קרית אתא, הוספת תחנת הורדה בקו 781","781 — כרמיאל, מודיעין עילית, 781 — מודיעין עילית, כרמיאל",01.04.26,01.04.26,https://www.kavim-t.com/passenger-information/traffic-updates/hadera-netanya-updates/31032026,"נוסעים נכבדים,החל מיום רביעי 01.04.2026 מתווספת תחנת הורדה 41346 העצמאות/המגינים, בקו 781 מכיוון מודיעין עילית לכרמיאל.בברכת נסיעה טובה ובטוחה,הנהלת קווים.","עקב שינוי תנועה ברחוב במודיעין, קיים שינוי במסלול הקווים 781 — כרמיאל, מודיעין עילית, 781 — מודיעין עילית, כרמיאל, 781 ו-01 לכיוון מודיעין עילית לכרמיאל מיום רביעי, 01 באפריל ועד יום רביעי, 01 באפריל בין השעות 010426 — 010426"
דן,scan-export,עבודות ברצף ברח' רוזנפלד בקטע ג'ורג' וייז/לבנון בשני הכיוונים 5/4/2026,"25, 289",31/3/2026,31/3/2026,https://www.dan.co.il/update/bvdvt-brtsp-rvznpld-bqt-gvrg-vyyz-lbnvn-bshny-hkyvvnym-5-4-2026,"קו: 25לכיווןקלצ'קין:עד איינשטייןפינת לבנון ללא שינוי, לבנון קלצ'קין, ועד למסוף קלצ'קין – תחנה סופית. תחנות מבוטלות:21513 -האוניברסיטה/חיים לבנון21498 - מכוןהתקנים/חיים לבנון21235 - קמפוסברושים/שלום רוזנפלד21665 - הפקולטהלהנדסה/קלאוזנר20138 - מוזאון העםהיהודי/קלאוזנר20503 -ביה""ס לרפואה/קלצ'קין תחנה חדשה:27065 –האוניברסיטה/חיים לבנון מכיווןקלצ'קין:יציאה ממסוףקלצ'קין רח' קלצ'קין, לבנון, איינשטיין, והמשך במסלול הרגיל. תחנות מבוטלות:20482 - ביה""סלרפואה/קלצ'קין21734 - מדעיהחיים/קלאוזנר20137 - מוזאון העםהיהודי/קלאוזנר25075 - הפקולטהלהנדסה/ד''ר ג'ורג' וויז20794 - ד""רג'ורג' וייז/שלום רוזנפלד21385 - מכוןהתקנים/חיים לבנון21469 - חייםלבנון/ד""ר ג'ורג' וויז תחנה חדשה:21388 –האוניברסיטה/חיים לבנון קו:289לכיוון מסוףמערבי:עד הכיכר ברח'קלאוזנר פינת קלצ'קין ללא שינוי, פרסה בכיכר חזרה ברח' קלאוזנר, המשךירוחם משל, ועד למסוף המערבי. תחנות מבוטלות:20503 – ביה""סלרפואה/קלצ'קין21389 – חייםלבנון/קלצ'קין21513 – האוניברסיטה/חייםלבנון21498 – מכוןהתקנים/חיים לבנון21235 – קמפוסברושים/שלום רוזנפלד מכיוון מסוףמערבי:עד הכיכר ברח'משל פינת רוזנפלד ללא שינוי, המשך ברח' ג'ורג' וייז, , המשך קלאוזנר, נסיעה עד הכיכר ברח' קלאוזנר פינת קלצ'קין, פרסהבכיכר, חזרה ברח' קלאוזנר, המשך ירוחם משל, והמשך במסלול הרגיל. תחנות מבוטלות:21227 - קמפוסברושים/שלום רוזנפלד21385 - מכוןהתקנים/חיים לבנון21469 - חייםלבנון/ד""ר ג'ורג' וויז27065 -האוניברסיטה/חיים לבנון21547 - קלצ'קין/חייםלבנון20482 - ביה""סלרפואה/קלצ'קין‍","עקב עבודות ברחוב רוזנפלד בודות ברצף, קיים שינוי במסלול הקווים 25, 289, 2013, 8 לכיוון מסוף מערבי:עד הכיכר ברח' קלאוזנר פינת קלצ'קין, מדי 31 במרץ 2026 בין השעות 00:00 ועד 00:00"
דן,scan-export,עבודות לילה ברחוב צירלסון,8,5/4/2026,5/4/2026,https://www.dan.co.il/update/bvdvt-lylh-tsyrlsvn-2,"מכיוון מעייני הישועה:עד אהרונוביץפינת השלושה ללא שינוי, השלושה, ממשיך במסלול הרגיל עד נפחא פינתאהרונוביץ, אהרונוביץ, והמשך במסלולהרגיל.תחנות מבוטלות:28588 -אהרונוביץ/השלושה26579 - הרב בראילן/הרב קלישר26580 - הרבקלישר/הילדסהיימר26578 -ביה""ס מע""ש/הרב צירלסון26555 - הרבצירלסון/ד""ר ברויאר27058 - אהרונוביץ/נפחא‍","עקב עבודות ברחוב צירלסון בודסון, קיים שינוי במסלול הקווים 8"
דן,scan-export,עדכון לציבור הנוסעים,"11, 80, 81, 119, 128, 138, 140, 242, 266",6/4/2026,6/4/2026,https://www.dan.co.il/update/dkvn-ltsybvr-ym,":בהתאם להנחיות של פיקוד העורף ומשרד התחבורה יחולו השינויים הבאיםקווים שלא פעילים בימים אלו: 11,80,81,119,128,138,140,242,266בערב החג השני (07.04) וביום שישי (10.04) לא יפעלו ו הקווים שלהלן 267, 79במוצאי החג (08.04) ובמוצאי שבת (11.04) הקווים: 240,238, 160, 116, 57, 50, 44, 39, 33, 23, 17, 9 בני ברק + קווי לילה: 466,463, 418‍מומלץ ! להתעדכן בלוחות הזמנים באתר אתר החברה וכן באמצעות מרכזי המידע בנוסף, ייתכנו שינויים נוספים בלוחות הזמנים ובמסלולי הנסיעה, בשל אזעקות, חסימת כבישים ועוד, עליהם לא נוכל להודיע מראשאנו מודים לציבור הנוסעים על ההבנה והסבלנות ומקווים לימים שקטים וטובים יותר.חג שמח",
דן,scan-export,העתקת תחנה מרחוב דיזנגוף לשדרות נורדאו 25/3/2026,5,24/3/2026,24/3/2026,https://www.dan.co.il/update/h-tqt-tkhnh-dyzngvp-lshdrvt-nvrdv-25-3-2026,"מק""ט תחנה:25839 – שד' נורדאו/דיזנגוף ‍","עקב שינוי תנועה ברחוב דיזנגוף, קיים שינוי במסלול הקווים 5 ביום רביעי, 24 במרץ 2026 בין השעות 24/3/2026"
דן,scan-export,הוספת תחנה חדשה ברחוב הרואה 23/3/2026,161,22/3/2026,22/3/2026,https://www.dan.co.il/update/hvspt-tkhnh-khdshh-hrvh-23-3-2026,"מק""ט תחנה חדשה: 26339 – הרואה/הבנים ‍",
דן,scan-export,עמדות על הקו,—,25/3/2026,25/3/2026,https://www.dan.co.il/update/mdvt,"נוסעים יקרים, בשל המצב הבטחוני ובהתאם להנחיות, עמדת הרב קו בבת ים תהייה פתוחה בימים א-ה: 08:00-16:00 ובימי שישי 08:00-13:00 עמדת הרב קו ברמת גן, ברחוב קרניצי 5 - פתוחה בימים א-ה: 08:00-14:00 ובימי שישי:08:00-13:00 העמדות הנוספות של החברה סגורות. ההחלטה התקבלה מתוך אחריות לשלומם של העובדים והציבור כאחד. אנו עוקבים באופן שוטף אחר ההנחיות ונשוב לפעילות בהקדם האפשרי בימים אלו שמרו על עצמכם, ומייחלים לימים שקטים ובטוחים יותר.","עקב המצב הבטחוני ובהתאם להנחיות ברחוב קרניצי בבת ים, קיים שינוי במסלול הקווים 5 בין השעות 08:00 ועד 16:00"
אגד,egged,פעילות משטרתית או ביטחונית,—,—,—,https://www.egged.co.il/traffic-updates/14017354034,"06/04/26, 09:3606/04/26, 14:30כביש 1, חסימה משטרתית, מחלף גנות, 06.04.2026","עקב חסימה ברחוב ביטחון, קיים שינוי במסלול קווים נבחרים ביום שישי, 6 באפריל בין השעות 09:36 ועד 14:30"
אגד,egged,פעילות משטרתית או ביטחונית,—,—,—,https://www.egged.co.il/traffic-updates/14017354041,"06/04/26, 09:3606/04/26, 14:30כביש 1, חסימה משטרתית, מחלף גנות, 06.04.2026","עקב חסימה ברחוב ביטחון, קיים שינוי במסלול הקווים ביום שישי, 6 באפריל, 2026 בין השעות 09:36 ועד 14:30"
אגד,egged,עבודות בכביש,826,—,—,https://www.egged.co.il/traffic-updates/14017230197,"06/04/26, 07:1806/04/26, 16:00נוף הגליל, עבודות בכביש, מנחם ארביב, 06.04.2026","עקב עבודות ברחוב בודות בכביש, קיים שינוי במסלול הקווים 826"
אגד,egged,עבודות בכביש,—,—,—,https://www.egged.co.il/traffic-updates/14017207629,"06/04/26, 07:0006/04/26, 16:00מגדל העמק, עבודות בכביש, 06.04.2026","עקב עבודות ברחוב בודות בכביש, קיים שינוי במסלול הקווים בין השעות 07:00 ועד 16:00"
אגד,egged,עבודות בכביש,—,—,—,https://www.egged.co.il/traffic-updates/14017220646,"06/04/26, 06:5206/04/26, 16:00מגדל העמק, עבודות תשתית, רחוב הרב עובדיה יוסף, 06.04.2026","עקב עבודות תשתית ברחוב הרב בודות בכביש, קיים שינוי במסלול הקווים בין השעות 16:00"
אגד,egged,פעילות משטרתית או ביטחונית,5151,—,—,https://www.egged.co.il/traffic-updates/14017160793,"06/04/26, 05:3006/04/26, 14:30חיפה, חסימה משטרתית, שמשון, 6.4.2026","עקב חסימה ברחוב שמשון בחיפה, קיים שינוי במסלול הקווים 5151 ביום ראשון, 6 באפריל בין השעות — ועד 14:30"
אגד,egged,פעילות משטרתית או ביטחונית,5151,—,—,https://www.egged.co.il/traffic-updates/14017157284,"06/04/26, 05:0006/04/26, 22:30חיפה, חסימה משטרתית, שמשון, 06.04.2026","עקב חסימה ברחוב בחיפה, קיים שינוי במסלול הקווים 5151"
אגד,egged,עבודות בכביש,—,—,—,https://www.egged.co.il/traffic-updates/14001512094,"05/04/26, 04:0007/04/26, 17:00תל אביב-יפו - חסימה רציפה ברחוב שלום רוזנפלד (אוניברסיטת תל אביב). ימים ראשון, שני ושלישי 5-7/4/2026.","עקב עבודות ברחוב שלום בתל אביב, קיים שינוי במסלול הקווים"
אגד,egged,עבודות בכביש,34,—,—,https://www.egged.co.il/traffic-updates/14013477424,"01/04/26, 04:0015/04/26, 00:00ירושלים, עבודות תשתית, עמק רפאים, 1-14.4.2026","עקב עבודות תשתית ברחוב בירושלים, קיים שינוי במסלול הקווים 34"
אגד,egged,עבודות בכביש,—,—,—,https://www.egged.co.il/traffic-updates/13997624940,"29/03/26, 07:0015/04/26, 01:00טירת כרמל - חסימה ברחוב רזיאל.החל מיום ראשון 29/3/2026 ועד יום שלישי 14/4/2026.","עקב עבודות ברחוב רזיאל בודות, קיים שינוי במסלול הקווים ביום ראשון, 29 במרץ 2026 ועד יום שלישי, 14 באפריל 2026"
אגד,egged,עבודות בכביש,—,—,—,https://www.egged.co.il/traffic-updates/13997796469,"29/03/26, 07:0015/04/26, 01:00טירת כרמל, עבודות בכביש, רחוב רזיאל, 29.03-14.04.2026","עקב עבודות ברחוב רזיאל בודות בכביש, קיים שינוי במסלול הקווים"
אגד,egged,עדכון קבוע - שינוי מסלול,12,—,—,https://www.egged.co.il/traffic-updates/קו-12-ירושלים-273,"29/03/26, 06:19שינוי קבועירושלים - שינוי מסלול קו 12 בשני הכיוונים (מיום שישי 27/3/2026)","עקב שינוי תנועה ברחוב בירושלים, קיים שינוי במסלול הקווים 12"
אגד,egged,מצב חירום,4242,—,—,https://www.egged.co.il/traffic-updates/14001678671,"29/03/26, 04:0009/04/26, 04:00ירושלים - ביטול זמני של כניסת קווים 42, 42א לקמפוס אדמונד ספרא (גבעת רם) עקב סגירת השער הדרומי. החל מיום ראשון 29/3/2026 ועד יום רביעי 8/4/2026","עקב סגירת כביש בירושלים, קיים שינוי במסלול הקווים 4242 ו-42"
אגד,egged,מצב חירום,7677,—,—,https://www.egged.co.il/traffic-updates/13997583858,"26/03/26, 03:0012/04/26, 04:45חיפה - המשך סגירה זמנית של שער נשר בטכניון. עד יום ראשון 12/4/2026","עקב סגירת כביש בחיפה, קיים שינוי במסלול הקווים 7677"
אגד,egged,מצב חירום,"37, 54",—,—,https://www.egged.co.il/traffic-updates/13994227930,"25/03/26, 04:0014/04/26, 05:00חיפה - המשך ביטול כניסת קווים 37א, 54 דרך השער המזרחי של האוניברסיטה. החל מיום רביעי 25/3/2026 בשעה 06:00 ועד יום שלישי 14/4/2026.","עקב שינוי תנועה ברחוב בחיפה, קיים שינוי במסלול הקווים 37 ו-54 ביום רביעי, 25 במרץ ועד יום שלישי, 14 באפריל בין השעות 05:00 ועד 06:00"
אגד,egged,עבודות תשתית,20,—,—,https://www.egged.co.il/traffic-updates/מטולה-שינוי-מסלול-בקו-20,"10/08/25, 16:00שינוי קבועשינוי מסלול בקו 20 - קו סיבובי בין קריית שמונה למטולה וחזרה (החל מיום חמישי 31/7/2025) לכמה חודשים","עקב עבודות תשתית ברחוב בודות , קיים שינוי במסלול הקווים 20"
אגד,egged,עבודות תשתית,4,—,—,https://www.egged.co.il/traffic-updates/פרדס-חנה-כרכור-קו-4-38,"10/08/25, 14:58שינוי קבועקו 4 (בשני הכיוונים) יחזור לעצור בתחנות רחוב המסילה ובדרך למרחב בתוספת תחנות חדשות (החל מיום ראשון 3/8/2025) לכמה חודשים","עקב עבודות תשתית ברחוב המסילה בודות, קיים שינוי במסלול הקווים 4"
אגד,egged,עבודות תשתית,—,—,—,https://www.egged.co.il/traffic-updates/קרן-היסוד-ירושלים-108,"10/08/25, 11:00שינוי קבועביטול מסלול הנת""צ ברחוב קרן היסוד בירושלים. התחנות יועתקו אל נתיב הרכבים הפרטיים והקווים יעצרו בהן.","עקב עבודות תשתית ברחוב קרן בירושלים, קיים שינוי במסלול הקווים"
אגד,egged,תחנה מבוטלת לצמיתות,524,—,—,https://www.egged.co.il/traffic-updates/חולון-38,"24/07/25, 11:0005/09/25, 11:00חולון - ביטול תחנת בית ספר גולדה מאיר ברחוב ברקת (החל מיום ראשון 3/8/2025)‎",עקב ביטול תחנות ברחוב ברקת בוטלה תחנה ברחוב ברקת בוטלה תחנה ברחוב ברקת בוטלה תחנה ברחוב ברקת בוטלה תחנה ברחוב ברקת בוטלה תחנה ברחוב ברקת בוטלה תחנה ברחוב ברקת בוטלה תחנה ברחוב ברקת בוטלה תחנה ברחוב ברקת בוטלה תחנה ברחוב ברקת בוטלה תחנה ברחוב ברקת בוטלה תחנה ברחוב ברקת בוטלה תחנה ברחוב ברקת בוטלה תחנה ברחוב ברקת בוטלה תחנה ברחוב ברקת בוטלה תחנה ברחוב ברקת בוטלה תחנה ברחוב ברקת בוטלה תחנה ברחוב ברקת בוטלה תחנה ברחוב ברקת בוטלה תחנה ברחוב ברקת בוטלה תחנה ברחוב ברקת בוטלה תחנה ברחוב ברקת בוטלה תחנה ברחוב ברקת בוטלה תחנה ברחוב ברקת בוטלה תחנה ברחוב ברקת בוטלה תחנה ברחוב ברקת בוטלה תחנה ברחוב ברקת בוטלה תחנה ברחוב ברקת בוטלה תחנה ברחוב ברקת בוטלה תחנה ברחוב ברקת בוטלה תחנה ברחוב ברקת בוטלה תחנה ברחוב ברקת בוטלה תחנה ברחוב ברקת בוטלה תחנה ברחוב ברקת בוטלה תחנה ברחוב ברקת בוטלה תחנה ברחוב ברקת בוטלה תחנה ברחוב ברקת בוטלה תחנה ברחוב ברקת בוטלה תחנה ברחוב ברקת בוטלה תחנה ברחוב ברקת בוטלה תחנה ברחוב ברקת בוטלה תחנה ברחוב ברקת בוטלה תחנה ברחוב ברקת בוטלה תחנה ברחוב ברקת בוטלה תחנה ברחוב ברקת בוטלה תחנה ברחוב ברקת בוטלה תחנה ברחוב ברקת בוטלה תחנה ברחוב ברקת בוטלה תחנה ברחוב ברקת בוטלה תחנה ברחוב ברקת בוטלה תחנה ברחוב ברק
אגד,egged,תחנה מבוטלת לצמיתות,—,—,—,https://www.egged.co.il/traffic-updates/דימונה-187,"16/07/25, 15:1819/08/25, 11:00דימונה - ביטול עצירת קווים בתחנה בשדרות אריאל שרון (החל מיום שישי 18/7/2025)‎","עקב שינוי תנועה ברחוב בוטלה תחנה בשדרות אריאל שרון, קיים שינוי במסלול הקווים ביום שישי, 18 ביולי בין השעות 11:00"
אחר,busnearby,"עפולה, עבודות בכביש, התעשייה, 6.4.2026",—,2026-04-06T07:00:00.000Z,2026-04-06T14:00:00.000Z,https://www.busnearby.co.il/route/1:13724:0:01,"עקב עבודות בכביש, התחנות 56743 - התעשיה/חיטה, 56073 - התעשייה/העמל, 56074 - התעשייה/החרט, 56742 - התעשייה/ההגנה, מבוטלות זמנית ב-6.4.2026","עקב עבודות בכביש, התחנות 56743 - התעשיה/חיטה, 56073 - התעשייה/העמל, 56074 - התעשייה/החרט, 56742 - התעשייה/ההגנה, מבוטלות זמנית ב-6.4.2026"
אחר,busnearby,"חיפה - המשך ביטול כניסת קווים 37א, 54 דרך השער המזרחי של האוניברסיטה. החל מיום רביעי 25/3/2026 בשעה 06:00 ועד יום שלישי 14/4/2026.",—,2026-03-25T03:00:00.000Z,2026-04-14T03:00:00.000Z,https://www.busnearby.co.il/route/1:28116:0:01,"עקב עבודות באוניברסיטה, יבוטלו קווים 37א, 54, החל מיום רביעי 25/3/2026 בשעה 06:00 ועד יום שלישי 14/4/2026, וקווים 37א, 54 מחיפה לדאלית אל כרמל ינסעו בשדרות אבא חושי ולא יכנסו למתחם האוניברסיטה, בעוד קווים 37א, 54 מדאלית אל כרמל לחיפה יכנסו לאוניברסיטה דרך השער המערבי.","עקב ביטול תחנות ברחוב בחיפה, קיים שינוי במסלול הקווים 37, 54"
אחר,busnearby,טירת כרמל - חסימה ברחוב רזיאל.החל מיום ראשון 29/3/2026 ועד יום שלישי 14/4/2026.,—,2026-03-29T05:00:00.000Z,2026-04-14T23:00:00.000Z,https://www.busnearby.co.il/route/1:15041:1:01,"עקב עבודות, תתבצע חסימה ברחוב רזיאל בטירת כרמל, החל מיום ראשון 29/3/2026 בשעה 08:00 ועד יום שלישי 14/4/2026, וקווים 44, 45, 110, 148, 245, 49 ייסעו על פי המסלולים החלופיים.","עקב עבודות ברחוב רזיאל בירושלים, קיים שינוי במסלול קווים נבחרים בין השעות 05:00 ועד 23:00 מיום ראשון, 29 במרץ ועד יום שלישי, 14 באפריל"
אחר,busnearby,בני-ברק – עבודות לילה ברחוב צירלסון - 6.4.2026- 5.4.20226,—,2026-04-05T19:00:00.000Z,2026-04-06T03:00:00.000Z,https://www.busnearby.co.il/route/1:2287:0:01,"עקב עבודות לילה ברחוב צירלסון בבני-ברק, ישינוי במסלול קו 8ב' בין התאריכים 5.4.2026 22:00 ל-6.4.2026 06:00, כאשר הקו יעבור במסלול רגיל עד נפחא פינת אהרונוביץ, ימינה אהרונוביץ, והמשך במסלול הרגיל, ותחנות 28588, 26579, 26580, 26578, 26555 ו-27058 יימחקו.","עקב עבודות ברחוב צירלסון בבני ברק, קיים שינוי במסלול הקווים 8 בין השעות 22:00 ועד 06:00 מיום ראשון, 5 באפריל ועד יום שני, 6 באפריל"
אחר,busnearby,"תל אביב, עבודות יום+לילה, רח' רוזנפלד, 5-7/4/26.",—,2026-04-05T02:00:00.000Z,2026-04-07T14:00:00.000Z,https://www.busnearby.co.il/route/1:19691:0:01,"עקב עבודות יום+לילה ברח' רוזנפלד, יחסמו את התנועה ברח' רוזנפלד מיום ראשון 5/4 5:00 עד ליום שלישי 7/4 17:00, ובעקבות החסימה יחולו שינויים במסלולים של קוים 12, 572, 604, 604, 604.","עקב עבודות ברחוב חיים בתל אביב, קיים שינוי במסלול הקווים 12, 572 ו-604"
אחר,busnearby,"תל אביב, העתקת תחנת הקצה ממסוף ההגנה לתמח""ת 10.03.26",—,2026-04-05T02:00:00.000Z,2026-04-07T15:00:00.000Z,https://www.busnearby.co.il/route/1:2738:0:01,"עקב העתקת תחנת הקצה לתמח""ת 10.03.26, התחנות 20860 - מסוף ההגנה/איסוף, 20860 - מסוף ההגנה/איסוף, 20859 - מסוף ההגנה/הורדה, מבוטלות זמנית.","עקב ביטול תחנות ברחוב בתל אביב, קיים שינוי במסלול הקווים ביום שלישי, 5 באפריל ועד יום חמישי, 7 באפריל בין השעות 02:00 ועד 15:00"
אחר,busnearby,תל-אביב - עבודות ברצף ברח' רוזנפלד בקטע ג'ורג' וייז/לבנון בשני הכיוונים 7.4.2026 - 5.4.2026,—,2026-04-05T01:30:00.000Z,2026-04-07T17:00:00.000Z,https://www.busnearby.co.il/route/1:2369:0:01,"עקב עבודות ברצף ברח' רוזנפלד בקטע ג'ורג' וייז/לבנון, ישינויים במסלולי הקווים 289 ו-25, מיום א' 5.4.2026 עד יום ג' 7.4.2026, כאשר תחנות רבות יימחקו ותוסיפו תחנות חדשות.","עקב עבודות ברחוב רוזנפלד בתל אביב, קיים שינוי במסלול קווים נבחרים מיום שני, 5 באפריל 2026 ועד יום רביעי, 7 באפריל 2026 בין השעות 01:30 ועד 17:00"
אחר,busnearby,"כביש 1 /4 , חסימה משטרתית , מחלף גנות 06.04.2026",—,2026-04-06T07:36:00.000Z,2026-04-06T15:00:00.000Z,https://www.busnearby.co.il/route/1:11707:1:01,עקב חסימה משטרתית רמפת היציאה מכביש 1 ל4 צפון מחלף גנות קו 669 לרעננה יגיע עד מחלף שפירים/כביש 1 ימינה במחלף שפירים שמאלה ל412 ראשון ימינה בצומת בית דגן במחלף השבעה ימינה ל4 צפון חזרה למסלול ללא דילוג תחנות,עקב חסימה משטרתית רמפת היציאה מכביש 1 ל4 צפון מחלף גנות קו 669 לרעננה יגיע עד מחלף שפירים/כביש 1 ימינה במחלף שפירים שמאלה ל412 ראשון ימינה בצומת בית דגן במחלף השבעה ימינה ל4 צפון חזרה למסלול ללא דילוג תחנות
אחר,busnearby,"ירושלים, עבודות תשתית, עמק רפאים, 1-14.4.2026",—,2026-04-01T02:00:00.000Z,2026-04-14T22:00:00.000Z,https://www.busnearby.co.il/route/1:12422:0:01,"עקב עבודות תשתית ברחוב עמק רפאים בירושלים, יבצעו קווים 34 ו-951 מעקף דרך הרחובות לותר קינג - סגן כהן, ללא דילוג על תחנות, בין התאריכים 1.4.26 - 14.4.26","עקב עבודות תשתית ברחוב עמק רפאים בירושלים, יבצעו קווים 34 ו-951 מעקף דרך הרחובות לותר קינג - סגן כהן, ללא דילוג על תחנות, בין התאריכים 1.4.26 - 14.4.26"
אחר,busnearby,"חיפה, הנחיות פיקוד העורף , רכבל חיפה, 04.03.26",—,2026-03-04T02:00:00.000Z,2026-04-15T07:00:00.000Z,https://www.busnearby.co.il/route/1:29602:0:01,"עקב המצב הבטחוני, פיקוד העורף הורה על הפסקת הפעילות של רכבל חיפה, עד הודעה אחרת.","עקב המצב הבטחוני ברחוב בחיפה, קיים שינוי במסלול הקווים 04"
אחר,busnearby,"תל אביב, עבודות תשתית, רחוב שלום רוזנפלד 23-26.03 + 29-31.03 + 01-02.04 + 05.04",—,2026-04-05T17:00:00.000Z,2026-04-06T02:00:00.000Z,https://www.busnearby.co.il/route/1:17193:0:01,"עקב עבודות תשתית ברחוב שלום רוזנפלד בתל אביב, יתקיימו שינויים בקו 506 בשני הכיוונים בין התאריכים 23-26.03 + 29-31.03 + 01-02.04 + 05.04, החל מהשעה 20:00 ועד 05:00 למחרת.","עקב עבודות תשתית ברחוב שלום בתל אביב, קיים שינוי במסלול הקווים 506 לכיוון ת""א: מדרך נמיר ימינה לשדרות רוקח, שמאלה לירוחם משל, ישר ג'ורג' וויז והמשך מסלול מיום ראשון, 5 באפריל ועד יום שני, 6 באפריל בין השעות 17:00 ועד 02:00"
אחר,busnearby,"נוף הגליל, עבודות בכביש, מנחם אריאב, 06.04.2026",—,2026-04-06T05:18:00.000Z,2026-04-06T14:00:00.000Z,https://www.busnearby.co.il/route/1:1208:0:01,"עקב עבודות בכביש בעיר נוף הגליל, קווי השירות 431, 440, 341, 342, 332, 338, 12, 833 סוטים ממסלול הנסיעה ומדלגים על התחנות 54001, 55044, 54175, 54009, 53999, 51200, 51201 באופן זמני בשני הכיוונים.","עקב עבודות בכביש בעיר נוף הגליל, קווי השירות 431, 440, 341, 342, 332, 338, 12, 833 סוטים ממסלול הנסיעה ומדלגים על התחנות 54001, 55044, 54175, 54009, 53999, 51200, 51201 באופן זמני בשני הכיוונים."
אחר,busnearby,"עכו , עבודות תשתית , 06.04.26",—,2026-04-06T06:30:00.000Z,2026-04-06T14:00:00.000Z,https://www.busnearby.co.il/route/1:12138:1:01,"עכו, עקב עבודות תשתית, בכביש 8510, קווים 2א/4/271/281/272/60, מדלגים באופן זמני על התחנות.","עכו, עקב עבודות תשתית, בכביש 8510, קווים 2א/4/271/281/272/60, מדלגים באופן זמני על התחנות."
אחר,busnearby,"בני ברק, עבודות לילה, צירלסון 05-06.04.2026",—,2026-04-05T19:00:00.000Z,2026-04-06T03:00:00.000Z,https://www.busnearby.co.il/route/1:2287:0:01,עקב עבודות התחנות הבאות מבוטלות זמנית מ-22:00 עד 06:00 למחרת 26579 - הרב בר אילן/הרב קלישר 26580 - הרב קלישר/הילדסהיימר 26578 - ביה''ס מע''ש/הרב צירלסון 26555 - הרב צירלסון/ד''ר ברויאר,"עקב עבודות ברחוב בבני ברק, קיים שינוי במסלול הקווים בין השעות 22:00 ועד 06:00"
אחר,busnearby,"עוספיא, חסימת כביש, רחוב אמין כיוף, 06.04.2026",—,2026-04-06T07:33:00.000Z,2026-04-06T14:00:00.000Z,https://www.busnearby.co.il/route/1:14212:0:01,עקב חסימה כביש ברחוב אמין כיוף שבכפר עוספיא - קווי 3 חווים עיכובים ב-2 הכיוונים 06.04.2026,עקב חסימה כביש ברחוב אמין כיוף שבכפר עוספיא - קווי 3 חווים עיכובים ב-2 הכיוונים 06.04.2026
אחר,busnearby,"כביש 1, חסימה משטרתית מחלף גנות, 06.04.2026",—,2026-04-06T07:36:00.000Z,2026-04-06T20:30:00.000Z,https://www.busnearby.co.il/route/1:11196:0:01,"עקב חסימה משטרתית ביציאה מכביש 1 לכביש 4 גנות, קווים 139/202/209/210/220/230/240/384 (כיוון 1) משנים את מסלולם ללא דילוג על תחנות.","עקב חסימה משטרתית ביציאה מכביש 1 לכביש 4 גנות, קווים 139/202/209/210/220/230/240/384 (כיוון 1) משנים את מסלולם ללא דילוג על תחנות."
אחר,busnearby,"תל-אביב - העתקת תחנת הקצה ממסוף ההגנה לתמח""ת - מבצע ""שאגת הארי - החל מתאריך - 10.3.2026 ועד הודעה חדשה.",—,2026-03-10T01:30:00.000Z,2026-04-13T01:30:00.000Z,https://www.busnearby.co.il/route/1:35324:0:01,"עקב ביצוע ""שאגת הארי"", החל מ-10.3.2026 ועד הודעה חדשה, תועתק תחנת הקצה של קו 114 ממסוף ההגנה לתמח""ת, יום ג' 10.3.2026 ועד הודעה חדשה, תחל קו 114 ביציאה מתחנת המוצא בקומה 7 בתמח""ת, ירידה דרך הויאדוקט (לכיוון צפון), המשך ברח' החרש (לכיוון רח' הרכבת), נסיעה עד צומת החרש / ראש פינה, ביצוע פרסה בצומת וחזרה ברחוב החרש לכיוון דרום, המשך ברחוב החרש לכיוון דרום, ימינה ההגנה, ימינה לבנדה, ימינה לוינסקי, המשך דרך ההגנה, המשך במסלול הרגיל עד לוינסקי פינת לבנדה (לאחר החזרה מתל השומר), ימינה לרח' לבנדה, ימינה לרח' החרש, עליה לויאדוקט לכיוון תמח""ת, עד לתח","עקב ביטול תחנות ברחוב החרש בתל אביב, קיים שינוי במסלול הקווים 114 ו-7 לכיוון צפון, מיום חמישי, 10 במרץ 2026 ועד יום שישי, 13 באפריל 2026, בין השעות 01:30 ועד 01:30"
אחר,busnearby,"כביש 471, תאונה, צומת נחשונים. 06/04/2026",—,2026-04-06T07:56:00.000Z,2026-04-06T13:00:00.000Z,https://www.busnearby.co.il/route/1:14554:1:01,עקב תאונה בכביש 471 למזרח יתכנו עיכובים בקווים 470 472 473 477 478.,עקב תאונה בכביש 471 למזרח יתכנו עיכובים בקווים 470 472 473 477 478.
אחר,busnearby,מרוץ דאלית אל כרמל - יום שישי 17/4/2026.,—,2026-04-17T02:30:00.000Z,2026-04-17T08:00:00.000Z,https://www.busnearby.co.il/route/1:28116:0:01,"עקב מרוץ חצי מרתון דאלית אל כרמל השני שיתקיים ביום שישי 17/4/2026, יחלו הקווים 37א, 54, 791, 795 בכניסה/יציאה ל/מדאלית אל כרמל מהשעה 05:30 ועד 11:00, ויסיימו את מסלול נסיעתם זמנית בתחנת מרכז גבייה, תחנות הקווים בדאלית אל כרמל יהיו מבוטלות זמנית מהמרכז המסחרי ועד התחנה הסופית בבית ספר אורט, וקווי התלמידים ייצאו זמנית מתחנת מרכז גביה.","עקב ביטול תחנות ברחוב בחיפה, קיים שינוי במסלול קווים נבחרים ביום שישי, 17 באפריל בין השעות 05:30 ועד 11:00"
אחר,busnearby,"תל אביב, עבודות תשתית רוזנפלד במקטע ג'ורג' ווייז - חיים לבנון לשני הכיוונים, 05-07.04.2026",—,2026-04-05T02:00:00.000Z,2026-04-07T14:00:00.000Z,https://www.busnearby.co.il/route/1:10978:0:01,"עקב עבודות תשתית במקטע ג'ורג' וייז - חיים לבנון, קווים 107/450/464/474/506 ישנו את מסלולם, כאשר הקווים בכיוון צפון ימשיכו על חיים לבנון ישר, ימינה קלצ'קין ומקצרים למסוף, והקווים בכיוון דרום יוצאים ממסוף קלצ'קין שמאלה ושוב שמאלה לחיים לבנון בלי לעבור בקלאוזנר, המשך למסלול בחיים לבנון, בין התאריכים 05-07.04.2026.","עקב עבודות תשתית ברחוב רוזנפלד בתל אביב, קיים שינוי במסלול קווים נבחרים בין השעות 02:00 ועד 14:00, 5-7 באפריל, לכיוון צפון: ממשיכים על חיים לבנון ישר, ימינה קלצ'קין ומקצרים למסוף הקווים, בכיוון דרום: יוצאים ממסוף קלצ'קין שמאלה ושוב שמאלה לחיים לבנון בלי לעבור בקלאוזנר, המשך למסלול בחיים לבנון"
אחר,busnearby,"ירושלים, מצב חרום, הכותל המערבי 6.4.2026",—,2026-04-06T01:00:00.000Z,2026-04-06T22:00:00.000Z,https://www.busnearby.co.il/route/1:10393:0:02,"עקב מצב החרום הקיים בירושלים, קווי הכותל לא יגיעו לתחנות מסביב לחומות העיר העתיקה, ויסעו בהתאם למסלולים הבאים: קו 1 - בהלוך ממשיך ישר מרחוב הצנחנים למנהרת צה""ל, ימינה ליצחק קריב ימינה לשלמה המלך ושמאלה לשבטי ישראל, קו 3 - מגיע עד לקצה של רחוב שמואל הנביא, ממשיך מכיכר זקס ימינה לשבטי ישראל, שמאלה לנביאים, שמאלה לבר-לב חזרה לשמואל הנביא.","עקב מצב החרום הקיים בירושלים, קווי הכותל לא יגיעו לתחנות מסביב לחומות העיר העתיקה, ויסעו בהתאם למסלולים הבאים: קו 1 - בהלוך ממשיך ישר מרחוב הצנחנים למנהרת צה""ל, ימינה ליצחק קריב ימינה לשלמה המלך ושמאלה לשבטי ישראל, קו 3 - מגיע עד לקצה של רחוב שמואל הנביא, ממשיך מכיכר זקס ימינה לשבטי ישראל, שמאלה לנביאים, שמאלה לבר-לב חזרה לשמואל הנביא."
אחר,busnearby,"טירת כרמל, עבודות בכביש, רחוב רזיאל, 29.03-14.04.2026",—,2026-03-29T05:00:00.000Z,2026-04-14T23:00:00.000Z,https://www.busnearby.co.il/route/1:15041:1:01,"עקב עבודות בכביש רחוב רזיאל בין 29.03-14.04.2026 נבטלו זמנית התחנות 42480 - ויצמן/נתן אלבז, 42486 - רזיאל/יצחק בן צבי, 42481 - גיורא יוספטל/ויצמן, 42103 - בית עלמין/רזיאל, 42941 - גיורא יוספטל/ירושלים, 40886 - נתן אלבז/גורדון, 42942 - גיורא יוספטל/גורדון, 42482 - גיורא יוספטל/רזיאל.","עקב עבודות ברחוב רזיאל בירושלים, קיים שינוי במסלול הקווים בין השעות 05:00 ועד 23:00 מיום שלישי, 30 במרץ ועד יום חמישי, 15 באפריל"
אחר,busnearby,"תל-אביב - העתקת תחנת הקצה ממסוף ההגנה לתמח""ת - מבצע ""שאגת הארי - החל מתאריך - 10.3.2026 ועד הודעה חדשה.",—,2026-03-10T01:30:00.000Z,2026-04-13T01:30:00.000Z,https://www.busnearby.co.il/route/1:2738:0:01,"עקב העתקת תחנת הקצה של קו 166 ממסוף ההגנה לתמח""ת, החל מיום ג' 10.3.2026 ועד הודעה חדשה, תועתק תחנת הקצה של קו 166 ממסוף ההגנה לתמח""ת, במסלול כדלקמן:","עקב ביטול תחנות ברחוב המסגר בתל אביב, קיים שינוי במסלול הקווים 166 ו-7"
אחר,busnearby,חיפה - המשך סגירה זמנית של שער נשר בטכניון. עד יום ראשון 12/4/2026,—,2026-03-26T02:00:00.000Z,2026-04-12T02:45:00.000Z,https://www.busnearby.co.il/route/1:15373:1:01,"עקב סגירה זמנית של שער נשר בטכניון, קווים 76, 77 ייסעו על פי המסלולים הקיימים עד הכניסה לטכניון, וקווים 76, 77 ייסעו על פי המסלולים הקיימים עד לפני הכניסה לטכניון, ותחנות טכניון – מעונות נווה אמריקה, טכניון – מעונות העמים, טכניון – מרכז המבקרים, טכניון – הנדסת חומרים, טכניון – בית הספר להנדסאים, טכניון – ביוטכנולוגיה ומזון, טכניון – הנדסה כימית, טכניון – הנדסה חקלאית, טכניון – הנדסה אזרחית, טכניון – בניין הספורט, מל""ל/ הצפירה יהיו סגורות עד ליום ראשון 12/4/2026 בשעה 05:45.","עקב סגירת כביש ברחוב לוחמי בחיפה, קיים שינוי במסלול הקווים 76 ו-77"
אחר,busnearby,"נוף הגליל, עבודות בכביש, מנחם אריאב, 06.04.2026",—,2026-04-06T05:18:00.000Z,2026-04-06T14:00:00.000Z,https://www.busnearby.co.il/route/1:1208:0:01,"עקב עבודות בכביש בעיר נוף הגליל, קווי השירות 40, 75, 34, 39, 44, 74, 20 יסוטו ממסלול הנסיעה וידלגו על התחנות 54001, 55044, 54175, 54009, 53999, 51200, 51201 באופן זמני בשני הכיוונים.","עקב עבודות בכביש בעיר נוף הגליל, קווי השירות 40, 75, 34, 39, 44, 74, 20 יסוטו ממסלול הנסיעה וידלגו על התחנות 54001, 55044, 54175, 54009, 53999, 51200, 51201 באופן זמני בשני הכיוונים."
אחר,busnearby,"עכו, עבודות בכביש, 06.04.2026",—,2026-04-06T06:55:00.000Z,2026-04-06T14:00:00.000Z,https://www.busnearby.co.il/route/1:12138:1:01,"עקב עבודות בכביש, תחנות 51256 - כביש 8510/שדרות מנוף ו-51522 - מסעף יד נתן מבוטלות זמנית ב-06.04.2026","עקב עבודות בכביש, תחנות 51256 - כביש 8510/שדרות מנוף ו-51522 - מסעף יד נתן מבוטלות זמנית ב-06.04.2026"
אחר,busnearby,"תל אביב-יפו - חסימה רציפה ברחוב שלום רוזנפלד (אוניברסיטת תל אביב). ימים ראשון, שני ושלישי 5-7/4/2026.",—,2026-04-05T02:00:00.000Z,2026-04-07T15:00:00.000Z,https://www.busnearby.co.il/route/1:9877:0:01,"עקב עבודות, ייחסם לתנועה רחוב שלום רוזנפלד, בשני הכיוונים, בתל אביב-יפו, ימים ראשון, שני ושלישי 5-7/4/2026.","עקב עבודות ברחוב שלום בתל אביב, קיים שינוי במסלול הקווים 222 ו-271 ביום ראשון, 5 באפריל ועד יום שלישי, 7 באפריל בין השעות 02:00 ועד 15:00"